{
  "name": "root",
  "gauges": [
    {
      "name": "CellLearningBrain.mean_reward",
      "value": 0.2,
      "min": 0.0,
      "max": 1.3,
      "count": 500
    }
  ],
  "total": 2416.0969657,
  "count": 1,
  "self": 59.04455959990719,
  "children": [
    {
      "name": "TrainerController.advance",
      "total": 2357.052406100093,
      "count": 500001,
      "self": 262.23469340003476,
      "children": [
        {
          "name": "env_step",
          "total": 2027.287911800059,
          "count": 500001,
          "self": 1720.9161832000607,
          "children": [
            {
              "name": "SubprocessEnvManager._take_step",
              "total": 301.0552295000076,
              "count": 500001,
              "self": 8.357169900078532,
              "children": [
                {
                  "name": "PPOPolicy.evaluate",
                  "total": 292.6980595999291,
                  "count": 500001,
                  "self": 292.6980595999291
                }
              ]
            },
            {
              "name": "workers",
              "total": 5.31649909999066,
              "count": 500001,
              "self": 0.0,
              "children": [
                {
                  "name": "worker_root",
                  "total": 2396.2969688999865,
                  "count": 500001,
                  "is_parallel": true,
                  "self": 1017.3273746000111,
                  "children": [
                    {
                      "name": "UnityEnvironment.step",
                      "total": 1378.9695942999754,
                      "count": 500001,
                      "is_parallel": true,
                      "self": 162.96263759983435,
                      "children": [
                        {
                          "name": "UnityEnvironment._generate_step_input",
                          "total": 23.690257100111413,
                          "count": 500001,
                          "is_parallel": true,
                          "self": 23.690257100111413
                        },
                        {
                          "name": "communicator.exchange",
                          "total": 1192.3166996000296,
                          "count": 500001,
                          "is_parallel": true,
                          "self": 1192.3166996000296
                        }
                      ]
                    }
                  ]
                }
              ]
            }
          ]
        },
        {
          "name": "update_policy",
          "total": 67.52980089999936,
          "count": 48,
          "self": 54.359613500002546,
          "children": [
            {
              "name": "PPOPolicy.update",
              "total": 13.170187399996813,
              "count": 1440,
              "self": 13.170187399996813
            }
          ]
        }
      ]
    }
  ]
}