{"count":1,"self":9.1201368,"total":9.336165,"children":{"AgentResetIfDone":{"count":431,"self":0.0029127999999999997,"total":0.0029127999999999997,"children":null},"AgentSendState":{"count":431,"self":0.0049394999999999994,"total":0.013848899999999999,"children":{"CollectObservations":{"count":176,"self":0.0089094,"total":0.0089094,"children":null}}},"DecideAction":{"count":431,"self":0.1805994,"total":0.1805994,"children":null},"AcademyStep":{"count":431,"self":0.0068985,"total":0.0068985,"children":null},"AgentAct":{"count":431,"self":0.0097723999999999988,"total":0.0097723999999999988,"children":null}}}