{"count":1,"self":38.4593312,"total":39.010589599999996,"children":{"AgentResetIfDone":{"count":1900,"self":0.0136245,"total":0.0136245,"children":null},"AgentSendState":{"count":1900,"self":0.0059349999999999993,"total":0.0948564,"children":{"CollectObservations":{"count":760,"self":0.0889214,"total":0.0889214,"children":null}}},"DecideAction":{"count":1900,"self":0.4199167,"total":0.4199167,"children":null},"AcademyStep":{"count":1900,"self":0.0099867,"total":0.0099867,"children":null},"AgentAct":{"count":1900,"self":0.011878,"total":0.011878,"children":null}}}