{"count":1,"self":50.7435008,"total":51.141558599999996,"children":{"AgentResetIfDone":{"count":2485,"self":0.0029357,"total":0.0029357,"children":null},"AgentSendState":{"count":2485,"self":0.0089308,"total":0.0709341,"children":{"CollectObservations":{"count":996,"self":0.0620033,"total":0.0620033,"children":null}}},"DecideAction":{"count":2485,"self":0.3152024,"total":0.3152024,"children":null},"AcademyStep":{"count":2485,"self":0.0020095,"total":0.0020095,"children":null},"AgentAct":{"count":2485,"self":0.0059793999999999993,"total":0.0059793999999999993,"children":null}}}