{"count":1,"self":40.6053536,"total":41.0497952,"children":{"AgentResetIfDone":{"count":1363,"self":0.0239377,"total":0.0239377,"children":null},"AgentSendState":{"count":1363,"self":0.0229844,"total":0.0917283,"children":{"CollectObservations":{"count":548,"self":0.0687439,"total":0.0687439,"children":null}}},"DecideAction":{"count":1363,"self":0.3008727,"total":0.3008727,"children":null},"AcademyStep":{"count":1363,"self":0.0070355999999999995,"total":0.0070355999999999995,"children":null},"AgentAct":{"count":1363,"self":0.0188737,"total":0.0188737,"children":null}}}