{"count":1,"self":986.0113408,"total":996.0159378,"children":{"AgentResetIfDone":{"count":45189,"self":0.20011469999999998,"total":0.20011469999999998,"children":null},"AgentSendState":{"count":45189,"self":0.1315068,"total":0.4650162,"children":{"CollectObservations":{"count":18076,"self":0.3335094,"total":0.3335094,"children":null}}},"DecideAction":{"count":45189,"self":9.0888192,"total":9.088819599999999,"children":null},"AcademyStep":{"count":45189,"self":0.097275699999999993,"total":0.097275699999999993,"children":null},"AgentAct":{"count":45189,"self":0.1523993,"total":0.1523993,"children":null}}}