{"count":1,"self":79.6867584,"total":80.7355716,"children":{"AgentResetIfDone":{"count":3844,"self":0.0207439,"total":0.0207439,"children":null},"AgentSendState":{"count":3844,"self":0.022608,"total":0.17371999999999999,"children":{"CollectObservations":{"count":1540,"self":0.151112,"total":0.151112,"children":null}}},"DecideAction":{"count":3844,"self":0.7932199,"total":0.7932199,"children":null},"AcademyStep":{"count":3844,"self":0.0158942,"total":0.0158942,"children":null},"AgentAct":{"count":3844,"self":0.0432382,"total":0.0432382,"children":null}}}