{"count":1,"self":4.174818,"total":4.1947092999999995,"children":{"AgentResetIfDone":{"count":131,"self":0.0020109999999999998,"total":0.0020109999999999998,"children":null},"AgentSendState":{"count":131,"self":0.0010356999999999999,"total":0.0060085999999999994,"children":{"CollectObservations":{"count":56,"self":0.0049729,"total":0.0049729,"children":null}}},"DecideAction":{"count":131,"self":0.0059172,"total":0.0059172,"children":null},"AcademyStep":{"count":131,"self":0.0039575999999999995,"total":0.0039575999999999995,"children":null},"AgentAct":{"count":131,"self":0.0009992,"total":0.0009992,"children":null}}}