{"count":1,"self":55.019500799999996,"total":55.4293225,"children":{"AgentResetIfDone":{"count":2698,"self":0.0051627,"total":0.0051627,"children":null},"AgentSendState":{"count":2698,"self":0.0189836,"total":0.0671766,"children":{"CollectObservations":{"count":1080,"self":0.048193,"total":0.048193,"children":null}}},"DecideAction":{"count":2698,"self":0.32504259999999996,"total":0.32504259999999996,"children":null},"AcademyStep":{"count":2698,"self":0.0014682999999999999,"total":0.0014682999999999999,"children":null},"AgentAct":{"count":2698,"self":0.010970899999999999,"total":0.010970899999999999,"children":null}}}