{"count":1,"self":92.0483392,"total":93.407034,"children":{"AgentResetIfDone":{"count":4581,"self":0.06265409999999999,"total":0.06265409999999999,"children":null},"AgentSendState":{"count":4581,"self":0.0570619,"total":0.25192749999999997,"children":{"CollectObservations":{"count":1836,"self":0.1948656,"total":0.1948656,"children":null}}},"DecideAction":{"count":4581,"self":0.9654028,"total":0.9654028,"children":null},"AcademyStep":{"count":4581,"self":0.0409668,"total":0.0409668,"children":null},"AgentAct":{"count":4581,"self":0.0367493,"total":0.0367493,"children":null}}}