{"count":1,"self":314.5396992,"total":325.35715719999996,"children":{"AgentResetIfDone":{"count":16048,"self":0.1036792,"total":0.1036792,"children":null},"AgentSendState":{"count":16048,"self":0.1621193,"total":0.85380099999999992,"children":{"CollectObservations":{"count":6420,"self":0.6916817,"total":0.6916817,"children":null}}},"DecideAction":{"count":16048,"self":9.4819248,"total":9.4819243999999987,"children":null},"AcademyStep":{"count":16048,"self":0.0999229,"total":0.0999229,"children":null},"AgentAct":{"count":16048,"self":0.2771231,"total":0.2771231,"children":null}}}