{"count":1,"self":11.6809944,"total":11.803643099999999,"children":{"AgentResetIfDone":{"count":571,"self":0.0029514999999999997,"total":0.0029514999999999997,"children":null},"AgentSendState":{"count":571,"self":0.0020229,"total":0.0165984,"children":{"CollectObservations":{"count":232,"self":0.0145755,"total":0.0145755,"children":null}}},"DecideAction":{"count":571,"self":0.0971098,"total":0.0971098,"children":null},"AcademyStep":{"count":571,"self":0,"total":0,"children":null},"AgentAct":{"count":571,"self":0.0049919,"total":0.0049919,"children":null}}}