{"count":1,"self":130.59720959999999,"total":132.18799479999998,"children":{"AgentResetIfDone":{"count":6502,"self":0.0383554,"total":0.0383554,"children":null},"AgentSendState":{"count":6502,"self":0.057340499999999996,"total":0.4044161,"children":{"CollectObservations":{"count":2604,"self":0.3470756,"total":0.3470756,"children":null}}},"DecideAction":{"count":6502,"self":1.090685,"total":1.090685,"children":null},"AcademyStep":{"count":6502,"self":0.021557899999999998,"total":0.021557899999999998,"children":null},"AgentAct":{"count":6502,"self":0.0347795,"total":0.0347795,"children":null}}}