{"count":1,"self":35.4547872,"total":35.8593112,"children":{"AgentResetIfDone":{"count":1751,"self":0.0060028999999999994,"total":0.0060028999999999994,"children":null},"AgentSendState":{"count":1751,"self":0.0208395,"total":0.0802053,"children":{"CollectObservations":{"count":704,"self":0.059365799999999996,"total":0.059365799999999996,"children":null}}},"DecideAction":{"count":1751,"self":0.302411,"total":0.302411,"children":null},"AcademyStep":{"count":1751,"self":0.0049837,"total":0.0049837,"children":null},"AgentAct":{"count":1751,"self":0.009940899999999999,"total":0.009940899999999999,"children":null}}}