{"count":1,"self":222.270976,"total":225.90377039999998,"children":{"AgentResetIfDone":{"count":11150,"self":0.1437279,"total":0.1437279,"children":null},"AgentSendState":{"count":11150,"self":0.0972682,"total":0.6744834,"children":{"CollectObservations":{"count":4460,"self":0.57721519999999993,"total":0.57721519999999993,"children":null}}},"DecideAction":{"count":11150,"self":2.6530286,"total":2.6530286,"children":null},"AcademyStep":{"count":11150,"self":0.0550084,"total":0.0550084,"children":null},"AgentAct":{"count":11150,"self":0.1045512,"total":0.1045512,"children":null}}}