{
  "name": "root",
  "total": 58.1607739,
  "count": 1,
  "self": 58.1607739
}